{"cameraMode":{"drawMode":0,"name":"Shaded","section":"Shading Mode"},"sceneLighting":true,"audioPlay":false,"sceneViewState":{"showFog":true,"showMaterialUpdate":false,"showSkybox":true,"showFlares":true,"showImageEffects":true,"showParticleSystems":true},"in2DMode":false,"pivot":{"x":9.866625785827637,"y":1.9556747674942017,"z":2.258314371109009},"rotation":{"x":-0.0105446083471179,"y":0.9800713062286377,"z":-0.19083531200885774,"w":-0.05415420979261398},"size":2.8578836917877199,"orthographic":false}